{
    "name": "root",
    "metadata": {
        "timer_format_version": "0.1.0",
        "start_time_seconds": "1608427645",
        "python_version": "3.8.3 (default, Jul  2 2020, 17:30:36) [MSC v.1916 64 bit (AMD64)]",
        "command_line_arguments": "D:\\tools\\Anaconda\\1\\Scripts\\mlagents-learn config.yaml --resume",
        "mlagents_version": "0.22.0",
        "mlagents_envs_version": "0.22.0",
        "communication_protocol_version": "1.2.0",
        "pytorch_version": "1.7.0",
        "numpy_version": "1.18.5",
        "end_time_seconds": "1608427882"
    },
    "total": 237.506649,
    "count": 1,
    "self": 0.3179374000000337,
    "children": {
        "run_training.setup": {
            "total": 0.00949970000000011,
            "count": 1,
            "self": 0.00949970000000011
        },
        "TrainerController.start_learning": {
            "total": 237.17921189999998,
            "count": 1,
            "self": 0.23390729999997006,
            "children": {
                "TrainerController._reset_env": {
                    "total": 8.0790597,
                    "count": 1,
                    "self": 8.0790597
                },
                "TrainerController.advance": {
                    "total": 228.74294110000002,
                    "count": 9117,
                    "self": 0.11504819999919391,
                    "children": {
                        "env_step": {
                            "total": 228.62789290000083,
                            "count": 9117,
                            "self": 207.02985430000092,
                            "children": {
                                "SubprocessEnvManager._take_step": {
                                    "total": 21.47175889999965,
                                    "count": 9117,
                                    "self": 0.5923258000006086,
                                    "children": {
                                        "TorchPolicy.evaluate": {
                                            "total": 20.87943309999904,
                                            "count": 9117,
                                            "self": 5.79541979999941,
                                            "children": {
                                                "TorchPolicy.sample_actions": {
                                                    "total": 15.084013299999631,
                                                    "count": 9117,
                                                    "self": 15.084013299999631
                                                }
                                            }
                                        }
                                    }
                                },
                                "workers": {
                                    "total": 0.1262797000002518,
                                    "count": 9116,
                                    "self": 0.0,
                                    "children": {
                                        "worker_root": {
                                            "total": 170.42250649999937,
                                            "count": 9116,
                                            "is_parallel": true,
                                            "self": 31.39524429999952,
                                            "children": {
                                                "steps_from_proto": {
                                                    "total": 0.00032630000000022363,
                                                    "count": 1,
                                                    "is_parallel": true,
                                                    "self": 0.0001192999999997113,
                                                    "children": {
                                                        "_process_vector_observation": {
                                                            "total": 0.00020700000000051233,
                                                            "count": 2,
                                                            "is_parallel": true,
                                                            "self": 0.00020700000000051233
                                                        }
                                                    }
                                                },
                                                "UnityEnvironment.step": {
                                                    "total": 139.02693589999984,
                                                    "count": 9116,
                                                    "is_parallel": true,
                                                    "self": 0.6036831999995798,
                                                    "children": {
                                                        "UnityEnvironment._generate_step_input": {
                                                            "total": 1.2159479000000424,
                                                            "count": 9116,
                                                            "is_parallel": true,
                                                            "self": 1.2159479000000424
                                                        },
                                                        "communicator.exchange": {
                                                            "total": 135.71873189999977,
                                                            "count": 9116,
                                                            "is_parallel": true,
                                                            "self": 135.71873189999977
                                                        },
                                                        "steps_from_proto": {
                                                            "total": 1.4885729000004773,
                                                            "count": 9116,
                                                            "is_parallel": true,
                                                            "self": 0.6609885000003839,
                                                            "children": {
                                                                "_process_vector_observation": {
                                                                    "total": 0.8275844000000934,
                                                                    "count": 18232,
                                                                    "is_parallel": true,
                                                                    "self": 0.8275844000000934
                                                                }
                                                            }
                                                        }
                                                    }
                                                }
                                            }
                                        }
                                    }
                                }
                            }
                        }
                    }
                },
                "TrainerController._save_models": {
                    "total": 0.12330380000000218,
                    "count": 1,
                    "self": 0.012954100000001745,
                    "children": {
                        "RLTrainer._checkpoint": {
                            "total": 0.11034970000000044,
                            "count": 1,
                            "self": 0.11034970000000044
                        }
                    }
                }
            }
        }
    }
}