{
    "name": "root",
    "metadata": {
        "timer_format_version": "0.1.0",
        "start_time_seconds": "1608432702",
        "python_version": "3.8.3 (default, Jul  2 2020, 17:30:36) [MSC v.1916 64 bit (AMD64)]",
        "command_line_arguments": "D:\\tools\\Anaconda\\1\\Scripts\\mlagents-learn config.yaml --resume",
        "mlagents_version": "0.22.0",
        "mlagents_envs_version": "0.22.0",
        "communication_protocol_version": "1.2.0",
        "pytorch_version": "1.7.0",
        "numpy_version": "1.18.5",
        "end_time_seconds": "1608432839"
    },
    "total": 136.9615497,
    "count": 1,
    "self": 0.24432369999999537,
    "children": {
        "run_training.setup": {
            "total": 0.039441700000001134,
            "count": 1,
            "self": 0.039441700000001134
        },
        "TrainerController.start_learning": {
            "total": 136.6777843,
            "count": 1,
            "self": 0.09165640000000508,
            "children": {
                "TrainerController._reset_env": {
                    "total": 14.139377300000001,
                    "count": 1,
                    "self": 14.139377300000001
                },
                "TrainerController.advance": {
                    "total": 122.19416530000001,
                    "count": 3501,
                    "self": 0.04263719999997306,
                    "children": {
                        "env_step": {
                            "total": 122.15152810000004,
                            "count": 3501,
                            "self": 113.58612880000018,
                            "children": {
                                "SubprocessEnvManager._take_step": {
                                    "total": 8.513957199999876,
                                    "count": 3501,
                                    "self": 0.22781279999968973,
                                    "children": {
                                        "TorchPolicy.evaluate": {
                                            "total": 8.286144400000186,
                                            "count": 3501,
                                            "self": 2.3124464000003186,
                                            "children": {
                                                "TorchPolicy.sample_actions": {
                                                    "total": 5.973697999999867,
                                                    "count": 3501,
                                                    "self": 5.973697999999867
                                                }
                                            }
                                        }
                                    }
                                },
                                "workers": {
                                    "total": 0.05144209999998495,
                                    "count": 3500,
                                    "self": 0.0,
                                    "children": {
                                        "worker_root": {
                                            "total": 63.8075239000002,
                                            "count": 3500,
                                            "is_parallel": true,
                                            "self": 13.33532190000004,
                                            "children": {
                                                "steps_from_proto": {
                                                    "total": 0.00030360000000051457,
                                                    "count": 1,
                                                    "is_parallel": true,
                                                    "self": 0.00010630000000233508,
                                                    "children": {
                                                        "_process_vector_observation": {
                                                            "total": 0.0001972999999981795,
                                                            "count": 2,
                                                            "is_parallel": true,
                                                            "self": 0.0001972999999981795
                                                        }
                                                    }
                                                },
                                                "UnityEnvironment.step": {
                                                    "total": 50.47189840000016,
                                                    "count": 3500,
                                                    "is_parallel": true,
                                                    "self": 0.2357320000004961,
                                                    "children": {
                                                        "UnityEnvironment._generate_step_input": {
                                                            "total": 0.49224229999993163,
                                                            "count": 3500,
                                                            "is_parallel": true,
                                                            "self": 0.49224229999993163
                                                        },
                                                        "communicator.exchange": {
                                                            "total": 49.16215699999984,
                                                            "count": 3500,
                                                            "is_parallel": true,
                                                            "self": 49.16215699999984
                                                        },
                                                        "steps_from_proto": {
                                                            "total": 0.5817670999998903,
                                                            "count": 3500,
                                                            "is_parallel": true,
                                                            "self": 0.2585590000000675,
                                                            "children": {
                                                                "_process_vector_observation": {
                                                                    "total": 0.3232080999998228,
                                                                    "count": 7000,
                                                                    "is_parallel": true,
                                                                    "self": 0.3232080999998228
                                                                }
                                                            }
                                                        }
                                                    }
                                                }
                                            }
                                        }
                                    }
                                }
                            }
                        }
                    }
                },
                "TrainerController._save_models": {
                    "total": 0.2525852999999927,
                    "count": 1,
                    "self": 0.014366199999983564,
                    "children": {
                        "RLTrainer._checkpoint": {
                            "total": 0.23821910000000912,
                            "count": 1,
                            "self": 0.23821910000000912
                        }
                    }
                }
            }
        }
    }
}