{
    "name": "root",
    "gauges": {
        "LineCreator.Policy.Entropy.mean": {
            "value": 1.4157606363296509,
            "min": 1.4157606363296509,
            "max": 1.4407953023910522,
            "count": 112
        },
        "LineCreator.Environment.EpisodeLength.mean": {
            "value": 160.0,
            "min": 100.55555555555556,
            "max": 309.0,
            "count": 112
        },
        "LineCreator.Policy.ExtrinsicValueEstimate.mean": {
            "value": 1.5431160926818848,
            "min": -2.7144522666931152,
            "max": 5.510013103485107,
            "count": 112
        },
        "LineCreator.Environment.CumulativeReward.mean": {
            "value": 43.72602725028992,
            "min": -65.19779849052429,
            "max": 129.3494234085083,
            "count": 112
        },
        "LineCreator.Policy.ExtrinsicReward.mean": {
            "value": 43.72602725028992,
            "min": -65.19779849052429,
            "max": 129.3494234085083,
            "count": 112
        },
        "LineCreator.IsTraining.mean": {
            "value": 1.0,
            "min": 1.0,
            "max": 1.0,
            "count": 112
        },
        "LineCreator.Losses.PolicyLoss.mean": {
            "value": 0.09410123914120752,
            "min": 0.09286895971186787,
            "max": 0.10231523037718927,
            "count": 9
        },
        "LineCreator.Losses.ValueLoss.mean": {
            "value": 2304.7446619937296,
            "min": 679.04399095431,
            "max": 2304.7446619937296,
            "count": 9
        },
        "LineCreator.Policy.LearningRate.mean": {
            "value": 0.0009981854001814598,
            "min": 0.0009981854001814598,
            "max": 0.000999154510084549,
            "count": 9
        },
        "LineCreator.Policy.Epsilon.mean": {
            "value": 0.19981854000000004,
            "min": 0.19981854000000004,
            "max": 0.19991545100000005,
            "count": 9
        },
        "LineCreator.Policy.Beta.mean": {
            "value": 0.0009982035459999998,
            "min": 0.0009982035459999998,
            "max": 0.0009991629649000002,
            "count": 9
        }
    },
    "metadata": {
        "timer_format_version": "0.1.0",
        "start_time_seconds": "1608413923",
        "python_version": "3.8.3 (default, Jul  2 2020, 17:30:36) [MSC v.1916 64 bit (AMD64)]",
        "command_line_arguments": "D:\\tools\\Anaconda\\1\\Scripts\\mlagents-learn config.yaml --resume",
        "mlagents_version": "0.22.0",
        "mlagents_envs_version": "0.22.0",
        "communication_protocol_version": "1.2.0",
        "pytorch_version": "1.7.0",
        "numpy_version": "1.18.5",
        "end_time_seconds": "1608415546"
    },
    "total": 1623.3078913,
    "count": 1,
    "self": 0.2683958000000075,
    "children": {
        "run_training.setup": {
            "total": 0.013835099999999656,
            "count": 1,
            "self": 0.013835099999999656
        },
        "TrainerController.start_learning": {
            "total": 1623.0256603999999,
            "count": 1,
            "self": 2.982405400017342,
            "children": {
                "TrainerController._reset_env": {
                    "total": 14.6374688,
                    "count": 1,
                    "self": 14.6374688
                },
                "TrainerController.advance": {
                    "total": 1605.2951873999825,
                    "count": 112201,
                    "self": 1.5235469999772704,
                    "children": {
                        "env_step": {
                            "total": 1603.7716404000053,
                            "count": 112201,
                            "self": 1328.3922667000274,
                            "children": {
                                "SubprocessEnvManager._take_step": {
                                    "total": 273.7650427999773,
                                    "count": 112201,
                                    "self": 7.447378899982937,
                                    "children": {
                                        "TorchPolicy.evaluate": {
                                            "total": 266.3176638999944,
                                            "count": 112201,
                                            "self": 71.33147310000675,
                                            "children": {
                                                "TorchPolicy.sample_actions": {
                                                    "total": 194.98619079998764,
                                                    "count": 112201,
                                                    "self": 194.98619079998764
                                                }
                                            }
                                        }
                                    }
                                },
                                "workers": {
                                    "total": 1.6143309000004606,
                                    "count": 112200,
                                    "self": 0.0,
                                    "children": {
                                        "worker_root": {
                                            "total": 1606.2688930999782,
                                            "count": 112200,
                                            "is_parallel": true,
                                            "self": 379.1013817000114,
                                            "children": {
                                                "steps_from_proto": {
                                                    "total": 0.00022929999999909967,
                                                    "count": 1,
                                                    "is_parallel": true,
                                                    "self": 7.229999999935899e-05,
                                                    "children": {
                                                        "_process_vector_observation": {
                                                            "total": 0.00015699999999974068,
                                                            "count": 2,
                                                            "is_parallel": true,
                                                            "self": 0.00015699999999974068
                                                        }
                                                    }
                                                },
                                                "UnityEnvironment.step": {
                                                    "total": 1227.1672820999668,
                                                    "count": 112200,
                                                    "is_parallel": true,
                                                    "self": 7.484827199928986,
                                                    "children": {
                                                        "UnityEnvironment._generate_step_input": {
                                                            "total": 15.688223800009668,
                                                            "count": 112200,
                                                            "is_parallel": true,
                                                            "self": 15.688223800009668
                                                        },
                                                        "communicator.exchange": {
                                                            "total": 1185.2737119000144,
                                                            "count": 112200,
                                                            "is_parallel": true,